artist,song,album,genres,total_plays,song_length_ms,total_elapsed_ms
half_alive,TrusT,"Now, Not Yet","",16,257120,2821869
half_alive,ok ok_,"Now, Not Yet","",16,228533,3142211
half_alive,arrow,"Now, Not Yet","",15,222706,3033071
half_alive,RUNAWAY,"Now, Not Yet","",14,162200,2115892
half_alive,Pure Gold,"Now, Not Yet","",14,214226,2846476
half_alive,still feel.,"Now, Not Yet","",14,247786,3051652
half_alive,ice cold.,"Now, Not Yet","",12,177626,1997006
half_alive,the notion,"Now, Not Yet","",12,36920,410339
half_alive,Maybe,"Now, Not Yet","",12,193306,1912850
half_alive,creature,"Now, Not Yet","",11,335066,3685187
half_alive,Rest,"Now, Not Yet","",10,209226,2091650
half_alive,BREAKFAST,"Now, Not Yet","",10,211360,1942854
Summer Walker,BP,Last Day Of Summer (Explicit),rnb,10,109413,1093740
Summer Walker,Talk Yo Shit (Explicit),Last Day Of Summer (Explicit),rnb,10,39266,392620
Summer Walker,CPR,Last Day Of Summer (Explicit),rnb,9,203240,1829088
Summer Walker,Girls Need Love (Explicit),Last Day Of Summer (Explicit),rnb,9,140760,1167772
Summer Walker,Karma,Last Day Of Summer (Explicit),rnb,9,188906,1625152
Leon Thomas,HOW FAST (Explicit),MUTT (Explicit),"",9,174964,776015
Summer Walker,I'm There,Last Day Of Summer (Explicit),rnb,9,114586,1031157
Summer Walker,Smartwater,Last Day Of Summer (Explicit),rnb,9,144320,1298700
Summer Walker,Deep (Explicit),Last Day Of Summer (Explicit),rnb,9,92093,828495
twenty one pilots,Lane Boy,Blurryface,"indie pop,alternative,electronic,indie",8,253093,1531863
Summer Walker,Shame,Last Day Of Summer (Explicit),rnb,8,166106,1214899
Summer Walker,Baby,Last Day Of Summer (Explicit),rnb,8,88186,687044
Summer Walker,Just Like Me,Last Day Of Summer (Explicit),rnb,8,250146,1754825
Summer Walker,Prayed Up,Last Day Of Summer (Explicit),rnb,8,168106,1344568
half_alive,Aawake At Night,3,"",7,199056,1393287
Adele,Hometown Glory (Explicit),19 (Explicit),"soul,female vocalists,pop,british",7,271226,1569203
DUCKWRTH,Money Dance (Explicit),SuperGood (Explicit),"neo-soul,contemporary rnb",7,148750,680540
half_alive,The Fall,3,"",7,186945,1308118
Summer Walker,Girls Need Love (Remix) (Explicit),Last Day Of Summer (Explicit),rnb,7,222374,1334959
Beyoncé,Mine (Explicit),BEYONCE (Explicit),rnb,7,378600,2200784
Ariana Grande,Moonlight,Dangerous Woman (Explicit),"pop,rnb",7,202360,452100
twenty one pilots,Tear in My Heart,Blurryface,"indie pop,alternative,electronic,indie",7,188493,1298273
twenty one pilots,We Don't Believe What's on TV,Blurryface,"indie pop,alternative,electronic,indie",7,177200,1091425
half_alive,Tip Toes,3,"",7,195047,1364678
twenty one pilots,Fairly Local,Blurryface,"indie pop,alternative,electronic,indie",7,207160,1449847
Arctic Monkeys,R U Mine_,AM,"indie rock,rock,indie,alternative,british",6,201726,1111677
twenty one pilots,Message Man,Blurryface,"indie pop,alternative,electronic,indie",6,240080,1250438
Beyoncé,Haunted (Explicit),BEYONCE (Explicit),rnb,6,369040,2059421
BLK ODYSSY,YA NO POD_A SALIR (Explicit),BLK VINTAGE_ THE REPRISE (Explicit),"",6,233107,1110468
BLK ODYSSY,NINETEEN EIGHTY (Explicit),BLK VINTAGE_ THE REPRISE (Explicit),"",6,146413,878268
BLK ODYSSY,SUICIDE DOORS (Explicit),BLK VINTAGE_ THE REPRISE (Explicit),"",6,193808,986753
Arctic Monkeys,Fireside,AM,"indie rock,rock,indie,alternative,british",6,181049,835914
Adele,Tired,19 (Explicit),"soul,female vocalists,pop,british",6,258853,1227591
Beyoncé,Drunk in Love (Explicit),BEYONCE (Explicit),rnb,6,323480,1193131
Adele,Make You Feel My Love,19 (Explicit),"soul,female vocalists,pop,british",6,212040,1211520
Ruel,Say,Ready,"soul,indie,pop,alternative",5,227433,875389
DUCKWRTH,Quick (Explicit),SuperGood (Explicit),"neo-soul,contemporary rnb",5,163930,676021
DUCKWRTH,New Love Song (Explicit),SuperGood (Explicit),"neo-soul,contemporary rnb",5,187273,936225
twenty one pilots,Heavydirtysoul,Blurryface,"indie pop,alternative,electronic,indie",5,234813,1174000
BLK ODYSSY,HANG LOW (Explicit),BLK VINTAGE_ THE REPRISE (Explicit),"",5,152524,762540
BLK ODYSSY,BIG BAD WOLF_SOBER (Explicit),BLK VINTAGE_ THE REPRISE (Explicit),"",5,286838,1434060
twenty one pilots,Polarize,Blurryface,"indie pop,alternative,electronic,indie",5,226786,930653
Beyoncé,Partition (Explicit),BEYONCE (Explicit),rnb,5,319466,1016010
twenty one pilots,Doubt,Blurryface,"indie pop,alternative,electronic,indie",5,191493,770529
BLK ODYSSY,BENNY'S GOT A GUN (Explicit),BLK VINTAGE_ THE REPRISE (Explicit),"",5,232150,1160530
Adele,Cold Shoulder,19 (Explicit),"soul,female vocalists,pop,british",5,191866,871580
Adele,Daydreamer,19 (Explicit),"soul,female vocalists,pop,british",5,220506,744893
twenty one pilots,The Judge,Blurryface,"indie pop,alternative,electronic,indie",5,297760,1191644
twenty one pilots,Stressed Out,Blurryface,"indie pop,alternative,electronic,indie",5,202333,1011460
BLK ODYSSY,FUNKENTOLOGY (Explicit),BLK VINTAGE_ THE REPRISE (Explicit),"",5,172829,863780
BLK ODYSSY,BLK VINTAGE (INTRO) (Explicit),BLK VINTAGE_ THE REPRISE (Explicit),"",5,177706,888395
Arctic Monkeys,Snap Out Of It,AM,"indie rock,rock,indie,alternative,british",5,193030,798765
twenty one pilots,Hometown,Blurryface,"indie pop,alternative,electronic,indie",5,234946,888580
Adele,My Same,19 (Explicit),"soul,female vocalists,pop,british",5,195653,978020
Ruel,Not Thinkin' Bout You,Ready,"soul,indie,pop,alternative",5,188387,941800
twenty one pilots,Ride,Blurryface,"indie pop,alternative,electronic,indie",5,214506,1072295
Ruel,Intro,Ready,"soul,indie,pop,alternative",5,31875,159285
Ruel,Younger,Ready,"soul,indie,pop,alternative",4,222320,889044
DUCKWRTH,Say What U Mean (Explicit),SuperGood (Explicit),"neo-soul,contemporary rnb",4,217077,769331
DUCKWRTH,Weekend_,SuperGood (Explicit),"neo-soul,contemporary rnb",4,89898,340165
Arctic Monkeys,Do I Wanna Know_,AM,"indie rock,rock,indie,alternative,british",4,272394,930746
Adele,Right As Rain,19 (Explicit),"soul,female vocalists,pop,british",4,197346,612818
Beyoncé,Jealous,BEYONCE (Explicit),rnb,4,184013,720837
Florence + The Machine,Only If For A Night,Ceremonials,"indie,female vocalists,alternative,indie pop,british",4,298453,1193688
Arctic Monkeys,One For The Road,AM,"indie rock,rock,indie,alternative,british",4,206051,647092
Beyoncé,Rocket (Explicit),BEYONCE (Explicit),rnb,4,391906,1567436
DUCKWRTH,Kiss U Right Now (Explicit),SuperGood (Explicit),"neo-soul,contemporary rnb",4,194776,779072
FKA twigs,lightbeamers,CAPRISONGS (Explicit),electronic,4,211880,811581
Beyoncé,No Angel,BEYONCE (Explicit),rnb,4,228693,486689
DUCKWRTH,Too Bad (Explicit),SuperGood (Explicit),"neo-soul,contemporary rnb",4,193147,772388
Beyoncé,Blow,BEYONCE (Explicit),rnb,4,309720,695482
Kendrick Lamar,Poetic Justice (Explicit),"good kid, m.A.A.d city (Deluxe) (Explicit)","hip-hop,hip hop,rap",4,300160,1076581
Jhen_ Aiko,The Vapors,Sail Out (Explicit),"",4,210773,273578
BLK ODYSSY,MURDA (Explicit),BLK VINTAGE_ THE REPRISE (Explicit),"",4,151910,458360
Arctic Monkeys,No. 1 Party Anthem,AM,"indie rock,rock,indie,alternative,british",4,243131,732634
Hozier,Wildflower and Barley,Unreal Unearth_ Unaired,"",4,222177,671983
DUCKWRTH,Coming Closer (Explicit),SuperGood (Explicit),"neo-soul,contemporary rnb",4,206681,826720
Ruel,Dazed & Confused,Ready,"soul,indie,pop,alternative",4,190992,583096
Hozier,Empire Now,Unreal Unearth_ Unaired,"",4,178196,595265
DUCKWRTH,Trickin'_,SuperGood (Explicit),"neo-soul,contemporary rnb",4,29488,117864
Beyoncé,6 INCH,Lemonade (Explicit),"pop,rnb,soul,rock",4,260440,565810
Adele,Crazy For You,19 (Explicit),"soul,female vocalists,pop,british",3,208040,623871
Adele,Melt My Heart to Stone,19 (Explicit),"soul,female vocalists,pop,british",3,203906,611613
Lauryn Hill,Lost Ones,The Miseducation of Lauryn Hill,"soul,hip-hop,rnb,female vocalists",3,333906,955267
DUCKWRTH,World On Wheels (Explicit),SuperGood (Explicit),"neo-soul,contemporary rnb",3,159812,479292
BLK ODYSSY,GHOST RIDE (Explicit),BLK VINTAGE_ THE REPRISE (Explicit),"",3,150907,452508
SZA,Anything (Explicit),Ctrl (Explicit),"neo-soul,rnb",3,149320,299721
Lauryn Hill,Doo Wop (That Thing),The Miseducation of Lauryn Hill,"soul,hip-hop,rnb,female vocalists",3,320266,891180
Kendrick Lamar,Money Trees (Explicit),"good kid, m.A.A.d city (Deluxe) (Explicit)","hip-hop,hip hop,rap",3,386906,1160697
FKA twigs,caprisongs interlude (feat. solo),CAPRISONGS (Explicit),electronic,3,25733,77181
Adele,Chasing Pavements,19 (Explicit),"soul,female vocalists,pop,british",3,210506,631395
Arctic Monkeys,I Want It All,AM,"indie rock,rock,indie,alternative,british",3,185406,556164
FKA twigs,ride the dragon (Explicit),CAPRISONGS (Explicit),electronic,3,188773,566193
twenty one pilots,Not Today,Blurryface,"indie pop,alternative,electronic,indie",3,238040,713874
DUCKWRTH,Super Good (Explicit),SuperGood (Explicit),"neo-soul,contemporary rnb",3,209591,568659
Arctic Monkeys,Knee Socks,AM,"indie rock,rock,indie,alternative,british",3,257563,318111
Kendrick Lamar,The Art of Peer Pressure (Explicit),"good kid, m.A.A.d city (Deluxe) (Explicit)","hip-hop,hip hop,rap",3,324533,973479
Arctic Monkeys,Why'd You Only Call Me When You're,AM,"indie rock,rock,indie,alternative,british",3,161123,483159
FKA twigs,meta angel (Explicit),CAPRISONGS (Explicit),electronic,3,259466,778239
Florence + The Machine,Lover To Lover,Ceremonials,"indie,female vocalists,alternative,indie pop,british",3,242813,569338
DUCKWRTH,Did U Notice_ (Explicit),SuperGood (Explicit),"neo-soul,contemporary rnb",3,210308,630855
FKA twigs,pamplemousse,CAPRISONGS (Explicit),electronic,3,98146,294243
Kendrick Lamar,"Bitch, Don_t Kill My Vibe (Explicit)","good kid, m.A.A.d city (Deluxe) (Explicit)","hip-hop,hip hop,rap",3,310720,932100
DUCKWRTH,Super Bounce (Explicit),SuperGood (Explicit),"neo-soul,contemporary rnb",3,218017,653973
JID,Glory,God Does Like Ugly (Explicit),"hip hop,hip-hop",3,239566,718626
Florence + The Machine,Shake It Out,Ceremonials,"indie,female vocalists,alternative,indie pop,british",3,277600,832731
Lauryn Hill,Final Hour,The Miseducation of Lauryn Hill,"soul,hip-hop,rnb,female vocalists",3,256000,411456
Lauryn Hill,When It Hurts so Bad,The Miseducation of Lauryn Hill,"soul,hip-hop,rnb,female vocalists",3,342200,345698
Kendrick Lamar,Swimming Pools (Drank) (Extended V,"good kid, m.A.A.d city (Deluxe) (Explicit)","hip-hop,hip hop,rap",3,313786,941216
Beyoncé,Pretty Hurts,BEYONCE (Explicit),rnb,3,257653,772944
BLK ODYSSY,BLK REVOLUTION (Explicit),BLK VINTAGE_ THE REPRISE (Explicit),"",3,110987,332694
FKA twigs,oh my love (Explicit),CAPRISONGS (Explicit),electronic,3,225653,676815
Ariana Grande,Knew Better _ Forever Boy,Dangerous Woman (Explicit),"pop,rnb",3,299213,331100
Hozier,De Selby (Part 1),Unreal Unearth_ Unaired,"",3,219693,642169
DUCKWRTH,Tuesday (Explicit),SuperGood (Explicit),"neo-soul,contemporary rnb",3,157934,473730
Kendrick Lamar,good kid (Explicit),"good kid, m.A.A.d city (Deluxe) (Explicit)","hip-hop,hip hop,rap",3,214120,642297
Kendrick Lamar,"Sing About Me, I'm Dying Of Thirst","good kid, m.A.A.d city (Deluxe) (Explicit)","hip-hop,hip hop,rap",3,723573,1685236
FKA twigs,which way (feat. dystopia),CAPRISONGS (Explicit),electronic,3,122146,214550
Odeal,London Summers,The Summer That Saved Me (Explicit),"",3,217636,540745
Kendrick Lamar,Backseat Freestyle (Explicit),"good kid, m.A.A.d city (Deluxe) (Explicit)","hip-hop,hip hop,rap",3,212653,637830
twenty one pilots,Goner,Blurryface,"indie pop,alternative,electronic,indie",3,236733,709971
Lauryn Hill,I Used to Love Him,The Miseducation of Lauryn Hill,"soul,hip-hop,rnb,female vocalists",3,339866,711458
FKA twigs,papi bones (feat. shygirl) (Explicit),CAPRISONGS (Explicit),electronic,3,220040,457246
Adele,Best for Last,19 (Explicit),"soul,female vocalists,pop,british",3,258506,775452
DUCKWRTH,Jean's Smoke Break (Explicit),SuperGood (Explicit),"neo-soul,contemporary rnb",3,22506,67473
Ruel,Don't Tell Me,Ready,"soul,indie,pop,alternative",3,241625,724740
FKA twigs,tears in the club (feat. the weeknd) (E,CAPRISONGS (Explicit),electronic,3,196760,590157
Hozier,Someone New,Hozier (Explicit),"soul,indie,blues,folk,indie rock",3,222813,378205
Florence + The Machine,What The Water Gave Me,Ceremonials,"indie,female vocalists,alternative,indie pop,british",3,333400,967260
BLK ODYSSY,THE REPRISE (Explicit),BLK VINTAGE_ THE REPRISE (Explicit),"",3,224908,567402
FKA twigs,honda (feat. pa salieu) (Explicit),CAPRISONGS (Explicit),electronic,3,201520,604368
Kendrick Lamar,Sherane a.k.a Master Splinter_s Da,"good kid, m.A.A.d city (Deluxe) (Explicit)","hip-hop,hip hop,rap",3,273640,820896
Florence + The Machine,Heartlines,Ceremonials,"indie,female vocalists,alternative,indie pop,british",3,301453,629890
Ariana Grande,Be Alright,Dangerous Woman (Explicit),"pop,rnb",3,179293,182437
Mahalia,Cheat (feat. JoJo) (Explicit),IRL (Explicit),"",3,202009,556720
Lauryn Hill,Superstar,The Miseducation of Lauryn Hill,"soul,hip-hop,rnb,female vocalists",3,297106,594893
Hozier,Angel of Small Death and the Codeine Scene,Hozier (Explicit),"soul,indie,blues,folk,indie rock",3,219213,277337
JID,Stars (Explicit),The Forever Story (Extended Version) (Ex,"",3,258244,750131
Arctic Monkeys,Mad Sounds,AM,"indie rock,rock,indie,alternative,british",3,215011,644769
BLK ODYSSY,COMPLEX OF KILLING A MAN (Explicit),BLK VINTAGE_ THE REPRISE (Explicit),"",3,189974,569817
Kanye West,Ultralight Beam (Explicit),The Life Of Pablo (Explicit),"hip hop,rap",3,320680,701492
Beyoncé,XO,BEYONCE (Explicit),rnb,3,215946,432633
Ariana Grande,Dangerous Woman,Dangerous Woman (Explicit),"pop,rnb",3,235946,237816
Kendrick Lamar,m.A.A.d city (Explicit),"good kid, m.A.A.d city (Deluxe) (Explicit)","hip-hop,hip hop,rap",3,350120,1050357
JID,WRK (Explicit),God Does Like Ugly (Explicit),"hip hop,hip-hop",3,194095,546401
Adele,First Love,19 (Explicit),"soul,female vocalists,pop,british",3,190280,570651
SZA,The Weekend (Explicit),Ctrl (Explicit),"neo-soul,rnb",2,272186,518547
Beyoncé,DADDY LESSONS,Lemonade (Explicit),"pop,rnb,soul,rock",2,287982,575946
Florence + The Machine,Ship To Wreck,"How Big, How Blue, How Beautiful","indie rock,indie pop,indie",2,234526,468950
Odeal,My Heart,The Summer That Saved Me (Explicit),"",2,172240,344398
Kanye West,Pt. 2 (Explicit),The Life Of Pablo (Explicit),"hip hop,rap",2,130293,260544
Florence + The Machine,Spectrum (Say My Name),Ceremonials,"indie,female vocalists,alternative,indie pop,british",2,311533,622968
Kanye West,Low Lights (Explicit),The Life Of Pablo (Explicit),"hip hop,rap",2,131773,263522
JAY-Z,Family Feud (Explicit),4_44 (Explicit),"",2,251413,293354
Florence + The Machine,What Kind Of Man,"How Big, How Blue, How Beautiful","indie rock,indie pop,indie",2,216176,210572
Burna Boy,Different (feat. Damian Marley & Angeli,African Giant (Explicit),"rap,hip-hop",2,196356,146099
Odeal,ONOME,Sunday At Zuri's (Explicit),"",2,198545,396968
Hozier,Jackie and Wilson,Hozier (Explicit),"soul,indie,blues,folk,indie rock",2,223120,446194
Florence + The Machine,Breaking Down,Ceremonials,"indie,female vocalists,alternative,indie pop,british",2,229186,458292
Kanye West,Highlights (Explicit),The Life Of Pablo (Explicit),"hip hop,rap",2,199866,258768
FKA twigs,track girl interlude,CAPRISONGS (Explicit),electronic,2,102866,205634
Arctic Monkeys,I Wanna Be Yours,AM,"indie rock,rock,indie,alternative,british",2,183956,367804
Florence + The Machine,Seven Devils,Ceremonials,"indie,female vocalists,alternative,indie pop,british",2,303253,606458
Hozier,July,Unreal Unearth_ Unaired,"",2,214426,428732
Odeal,Soh-Soh (Explicit),Sunday At Zuri's (Explicit),"",2,184552,368918
Dexta Daps,Twinkle (Explicit),VENT (Explicit),"dancehall,reggae",2,196235,392462
Hozier,Fare Well,Unreal Unearth_ Unaired,"",2,188454,376906
rum.gold,Save You,aiMless,"soul,pop,singer-songwriter",2,223733,229876
Florence + The Machine,"No Light, No Light",Ceremonials,"indie,female vocalists,alternative,indie pop,british",2,274853,549668
Beyoncé,LOVE DROUGHT,Lemonade (Explicit),"pop,rnb,soul,rock",2,237450,474800
Hozier,Too Sweet,Unreal Unearth_ Unaired,"",2,251424,502664
Beyoncé,Heaven,BEYONCE (Explicit),rnb,2,230893,251518
Dexta Daps,Breaking News (Explicit),VENT (Explicit),"dancehall,reggae",2,207157,414196
Lana Del Rey,Radio (Explicit),Born To Die (Explicit),"indie,pop,female vocalists,indie pop",2,214586,429138
The Neighbourhood,A Moment of Silence,Wiped Out!,"indie,indie rock,alternative,indie pop",2,30013,53870
Beyoncé,FORMATION,Lemonade (Explicit),"pop,rnb,soul,rock",2,206076,412106
Lauryn Hill,Ex-Factor,The Miseducation of Lauryn Hill,"soul,hip-hop,rnb,female vocalists",2,326533,652944
Beyoncé,___Flawless (Explicit),BEYONCE (Explicit),rnb,2,250960,501736
Florence + The Machine,All This And Heaven Too,Ceremonials,"indie,female vocalists,alternative,indie pop,british",2,245880,491728
Ariana Grande,Side To Side (Explicit),Dangerous Woman (Explicit),"pop,rnb",2,226173,414693
FKA twigs,minds of men,CAPRISONGS (Explicit),electronic,2,204533,409042
FKA twigs,jealousy (feat. rema) (Explicit),CAPRISONGS (Explicit),electronic,2,159666,319320
Kendrick Lamar,These Walls (Explicit),To Pimp A Butterfly (Explicit),"hip-hop,funk,rap",2,300973,301870
Hozier,First Time,Unreal Unearth_ Unaired,"",2,233173,275388
Beyoncé,ALL NIGHT,Lemonade (Explicit),"pop,rnb,soul,rock",2,321992,643866
FKA twigs,christi interlude,CAPRISONGS (Explicit),electronic,2,64026,127988
Olivia Dean,Close Up,The Art of Loving,"pop,soul,rhythm and blues,neo soul",2,195000,346533
Kanye West,Frank's Track (Explicit),The Life Of Pablo (Explicit),"hip hop,rap",2,38333,76642
Burna Boy,This Side (feat. YG) (Explicit),African Giant (Explicit),"rap,hip-hop",2,202646,405140
Nina Simone,Feeling Good,I Put A Spell On You,"jazz,soul,vocal jazz,blues",2,174000,191242
Odeal,Sondela,Sunday At Zuri's (Explicit),"",2,107223,214366
Beyoncé,SORRY,Lemonade (Explicit),"pop,rnb,soul,rock",2,232563,464978
Beyoncé,Blue,BEYONCE (Explicit),rnb,2,266920,533686
Beyoncé,FREEDOM,Lemonade (Explicit),"pop,rnb,soul,rock",2,289756,579500
Beyoncé,SANDCASTLES,Lemonade (Explicit),"pop,rnb,soul,rock",2,182707,365296
Beyoncé,PRAY YOU CATCH ME,Lemonade (Explicit),"pop,rnb,soul,rock",2,195998,391836
Kendrick Lamar,The Recipe (Bonus Track) (Explicit),"good kid, m.A.A.d city (Deluxe) (Explicit)","hip-hop,hip hop,rap",2,352853,462601
Beyoncé,Superpower,BEYONCE (Explicit),rnb,2,276560,553006
Kanye West,Father Stretch My Hands Pt. 1 (Explicit),The Life Of Pablo (Explicit),"hip hop,rap",2,135920,271776
Kendrick Lamar,Institutionalized (Explicit),To Pimp A Butterfly (Explicit),"hip-hop,funk,rap",2,271773,448260
Beyoncé,HOLD UP,Lemonade (Explicit),"pop,rnb,soul,rock",2,221092,441990
DUCKWRTH,Find A Way (Explicit),SuperGood (Explicit),"neo-soul,contemporary rnb",2,231118,462210
Kendrick Lamar,u (Explicit),To Pimp A Butterfly (Explicit),"hip-hop,funk,rap",2,268493,269530
Odeal,Free Me,Sunday At Zuri's (Explicit),"",2,200030,399940
Kendrick Lamar,Alright (Explicit),To Pimp A Butterfly (Explicit),"hip-hop,funk,rap",2,219333,221621
Lauryn Hill,To Zion,The Miseducation of Lauryn Hill,"soul,hip-hop,rnb,female vocalists",2,369293,738580
Odeal,Miami (feat. Leon Thomas),The Summer That Saved Me (Explicit),"",2,216493,432818
Dexta Daps,Vent (Explicit),VENT (Explicit),"dancehall,reggae",2,176166,352130
FKA twigs,thank you song,CAPRISONGS (Explicit),electronic,2,208800,417586
Beyoncé,FORWARD,Lemonade (Explicit),"pop,rnb,soul,rock",2,79213,158406
Hozier,That You Are,Unreal Unearth_ Unaired,"",2,256520,512882
Solange,Don't You Wait,A Seat at the Table (Explicit),"neo-soul,rnb",2,245906,269907
JID,YouUgly (Explicit),God Does Like Ugly (Explicit),"hip hop,hip-hop",2,283748,567430
JID,Community (Explicit),God Does Like Ugly (Explicit),"hip hop,hip-hop",2,265527,292466
FKA twigs,careless (feat. daniel caesar),CAPRISONGS (Explicit),electronic,2,216760,433376
Hozier,De Selby (Part 2),Unreal Unearth_ Unaired,"",2,227826,455482
Odeal,In the Chair,The Summer That Saved Me (Explicit),"",2,137746,103281
Kanye West,Famous (Explicit),The Life Of Pablo (Explicit),"hip hop,rap",2,196040,392044
Lauryn Hill,Intro,The Miseducation of Lauryn Hill,"soul,hip-hop,rnb,female vocalists",2,47293,94550
Rihanna,James Joint (Explicit),ANTI (Explicit),"rnb,soul,hip-hop,pop,dancehall",2,72080,73089
Dexta Daps,Leave Her Alone (Explicit),VENT (Explicit),"dancehall,reggae",2,196000,391836
Florence + The Machine,Never Let Me Go,Ceremonials,"indie,female vocalists,alternative,indie pop,british",2,270973,541884
Arctic Monkeys,Arabella,AM,"indie rock,rock,indie,alternative,british",2,207356,414614
Odeal,Obi's Interlude,The Summer That Saved Me (Explicit),"",2,176493,328050
BLK ODYSSY,DAISIES (Explicit),BLK VINTAGE_ THE REPRISE (Explicit),"",2,223897,447680
Solange,Don't Wish Me Well,A Seat at the Table (Explicit),"neo-soul,rnb",2,255626,322849
Kanye West,Feedback (Explicit),The Life Of Pablo (Explicit),"hip hop,rap",2,147240,294452
Lauryn Hill,Can't Take My Eyes Off of You ((I Lov,The Miseducation of Lauryn Hill,"soul,hip-hop,rnb,female vocalists",2,221466,108297
Beyoncé,DON’T HURT YOURSELF,Lemonade (Explicit),"pop,rnb,soul,rock",2,233656,467278
Hozier,Cherry Wine (Live) (Live),Hozier (Explicit),"soul,indie,blues,folk,indie rock",2,240146,132724
BLK ODYSSY,DRINKING GOOD (Explicit),BLK VINTAGE_ THE REPRISE (Explicit),"",2,287373,574740
FKA twigs,darjeeling (feat jorja smith & unknown,CAPRISONGS (Explicit),electronic,2,183666,367246
Ariana Grande,Into You,Dangerous Woman (Explicit),"pop,rnb",2,244440,464691
Dexta Daps,Call Me If (Explicit),VENT (Explicit),"dancehall,reggae",2,240000,400613
Nina Simone,Ne Me Quitte Pas,I Put A Spell On You,"jazz,soul,vocal jazz,blues",2,214533,429034
JID,2007 (Explicit),The Forever Story (Extended Version) (Ex,"",2,446822,503875
Alessia Cara,I'm Yours,Know-It-All,"pop,soul,rnb",2,228680,169116
Hozier,Nobody's Soldier,Unreal Unearth_ Unaired,"",2,237200,474244
Nina Simone,Take Care Of Business,I Put A Spell On You,"jazz,soul,vocal jazz,blues",1,125960,125910
PARTYNEXTDOOR,C h e e r s (Explicit),PARTYNEXTDOOR 4 (P4) (Explicit),"",1,234075,234057
Burna Boy,Pull Up,African Giant (Explicit),"rap,hip-hop",1,187866,1950
Kendrick Lamar,Now Or Never (Bonus Track),"good kid, m.A.A.d city (Deluxe) (Explicit)","hip-hop,hip hop,rap",1,256213,256208
BLK ODYSSY,LET IT GROW (Explicit),DIAMONDS & FREAKS (Explicit),"",1,216462,216409
Sam Smith,"Baby, You Make Me Crazy",The Thrill Of It All (Explicit),"pop,soul,british",1,207966,207960
BLK ODYSSY,DOPAMINE & HENNESSY (Explicit),DIAMONDS & FREAKS (Explicit),"",1,199786,199784
rum.gold,All I Wanna Do (Voice Memo),aiMless,"soul,pop,singer-songwriter",1,38280,38243
Teyana Taylor,Never Would Have Made It (Explicit),K.T.S.E. (Explicit),"rnb,neo soul,neo-soul",1,159924,159895
Nina Simone,Tomorrow Is My Turn,I Put A Spell On You,"jazz,soul,vocal jazz,blues",1,168306,168254
Daniel Caesar,Sign Of The Times (Explicit),Son Of Spergy (Explicit),"rnb,gospel,neo-soul",1,231800,231784
Jhen_ Aiko,3_16AM,Sail Out (Explicit),"",1,200720,3343
SZA,Love Galore (Explicit),Ctrl (Explicit),"neo-soul,rnb",1,275080,275017
twenty one pilots,Overcompensate,Clancy,"rock,alternative,trip-hop",1,236000,235914
Kanye West,FML (Explicit),The Life Of Pablo (Explicit),"hip hop,rap",1,236120,236068
JAY-Z,Caught Their Eyes (Explicit),4_44 (Explicit),"",1,206133,206106
Nina Simone,Gimme Some,I Put A Spell On You,"jazz,soul,vocal jazz,blues",1,178026,178024
Doja Cat,Say So (Explicit),Hot Pink (Explicit),"pop,rap,rnb,disco",1,237893,237865
Kendrick Lamar,Black Boy Fly (Bonus Track) (Explicit),"good kid, m.A.A.d city (Deluxe) (Explicit)","hip-hop,hip hop,rap",1,279146,279118
JAY-Z,The Story of O.J. (Explicit),4_44 (Explicit),"",1,231760,231758
Florence + The Machine,Caught,"How Big, How Blue, How Beautiful","indie rock,indie pop,indie",1,264026,3970
Burna Boy,Spiritual,African Giant (Explicit),"rap,hip-hop",1,221880,221797
Vance Joy,Winds of Change,Dream Your Life Away,"indie,indie folk,folk,indie pop",1,135826,135790
Daniel Caesar,Shot My Baby,NEVER ENOUGH (Bonus Version) (Explicit),"",1,268221,268199
Mahalia,Ready,IRL (Explicit),"",1,181533,181487
Olivia Dean,Lady Lady,The Art of Loving,"pop,soul,rhythm and blues,neo soul",1,209000,208979
BigXthaPlug,The Largest (Explicit),TAKE CARE (Explicit),hip-hop,1,132160,77740
Arctic Monkeys,Balaclava,Favourite Worst Nightmare (Standard Version),"indie rock,indie,british,rock,alternative",1,167440,167369
Lana Del Rey,Diet Mountain Dew,Born To Die (Explicit),"indie,pop,female vocalists,indie pop",1,222920,222876
Hozier,From Eden,Hozier (Explicit),"soul,indie,blues,folk,indie rock",1,283466,283376
Lana Del Rey,National Anthem,Born To Die (Explicit),"indie,pop,female vocalists,indie pop",1,230533,230530
Megan Thee Stallion,Realer (Explicit),Fever (Explicit),rap,1,149703,149629
Olivia Dean,A Couple Minutes,The Art of Loving,"pop,soul,rhythm and blues,neo soul",1,212000,211951
Kanye West,Wolves (Explicit),The Life Of Pablo (Explicit),"hip hop,rap",1,301586,301583
Dexta Daps,Lift My Hands (Explicit),VENT (Explicit),"dancehall,reggae",1,208571,208561
Mahalia,Terms and Conditions (Explicit),IRL (Explicit),"",1,209682,209629
Nina Simone,One September Day,I Put A Spell On You,"jazz,soul,vocal jazz,blues",1,168106,168071
JID,Money (Explicit),The Forever Story (Extended Version) (Ex,"",1,266345,257985
Jorja Smith,On Your Own,Lost & Found,"",1,241975,241893
Daniel Caesar,Have A Baby (With Me),Son Of Spergy (Explicit),"rnb,gospel,neo-soul",1,225874,225854
Kanye West,30 Hours (Explicit),The Life Of Pablo (Explicit),"hip hop,rap",1,323302,323291
SZA,Doves In The Wind (Explicit),Ctrl (Explicit),"neo-soul,rnb",1,266080,266007
Alessia Cara,Four Pink Walls,Know-It-All,"pop,soul,rnb",1,211893,25417
BLK ODYSSY,SUMMER IN THE RAIN (Explicit),DIAMONDS & FREAKS (Explicit),"",1,188775,188731
BigXthaPlug,2AM (Explicit),TAKE CARE (Explicit),hip-hop,1,184133,49597
Odeal,Patience,The Summer That Saved Me (Explicit),"",1,200346,200341
Megan Thee Stallion,Big Drank (Explicit),Fever (Explicit),rap,1,207772,835
Jorja Smith,Tomorrow,Lost & Found,"",1,232630,232594
Rihanna,Desperado,ANTI (Explicit),"rnb,soul,hip-hop,pop,dancehall",1,186466,186462
Florence + The Machine,Third Eye,"How Big, How Blue, How Beautiful","indie rock,indie pop,indie",1,260192,14210
SZA,Wavy (Interlude) (Explicit),Ctrl (Explicit),"neo-soul,rnb",1,75800,75789
Arctic Monkeys,505,Favourite Worst Nightmare (Standard Version),"indie rock,indie,british,rock,alternative",1,253586,253561
rum.gold,Hazel Chandeliers,aiMless,"soul,pop,singer-songwriter",1,206093,206053
JAY-Z,Smile (Explicit),4_44 (Explicit),"",1,289853,289802
Dexta Daps,Ashes (Explicit),VENT (Explicit),"dancehall,reggae",1,173380,173348
Ariana Grande,Bad Decisions (Explicit),Dangerous Woman (Explicit),"pop,rnb",1,226426,226403
Kanye West,Freestyle 4 (Explicit),The Life Of Pablo (Explicit),"hip hop,rap",1,123386,123350
Daniel Caesar,Moon,Son Of Spergy (Explicit),"rnb,gospel,neo-soul",1,317000,316969
Dexta Daps,Obviously (Explicit),VENT (Explicit),"dancehall,reggae",1,160000,159973
Kendrick Lamar,For Free_ (Interlude) (Explicit),To Pimp A Butterfly (Explicit),"hip-hop,funk,rap",1,130893,130873
Arctic Monkeys,"If You Were There, Beware",Favourite Worst Nightmare (Standard Version),"indie rock,indie,british,rock,alternative",1,274200,274181
Daniel Caesar,Rain Down,Son Of Spergy (Explicit),"rnb,gospel,neo-soul",1,187627,187585
PARTYNEXTDOOR,S t u c k  I n  M y  W a y s (Explicit),PARTYNEXTDOOR 4 (P4) (Explicit),"",1,179971,179908
BLK ODYSSY,BROKE FOLK FUNK (Explicit),DIAMONDS & FREAKS (Explicit),"",1,206932,206843
Rihanna,Higher (Explicit),ANTI (Explicit),"rnb,soul,hip-hop,pop,dancehall",1,120626,120607
JAY-Z,Kill Jay Z (Explicit),4_44 (Explicit),"",1,178066,178050
Dexta Daps,Most Wanted (Explicit),VENT (Explicit),"dancehall,reggae",1,240000,239908
Hozier,Like Real People Do,Hozier (Explicit),"soul,indie,blues,folk,indie rock",1,198026,198019
Daniel Caesar,Touching God,Son Of Spergy (Explicit),"rnb,gospel,neo-soul",1,281000,280973
SZA,Go Gina (Explicit),Ctrl (Explicit),"neo-soul,rnb",1,161613,4736
Teyana Taylor,No Manners (Explicit),K.T.S.E. (Explicit),"rnb,neo soul,neo-soul",1,98661,98638
Arctic Monkeys,Only Ones Who Know,Favourite Worst Nightmare (Standard Version),"indie rock,indie,british,rock,alternative",1,181480,181394
Dexta Daps,Consistency (Explicit),VENT (Explicit),"dancehall,reggae",1,168000,167915
Odeal,HBTS (Haven't Been The Same),Lustropolis (Explicit),"",1,183703,183623
Arctic Monkeys,The Bad Thing,Favourite Worst Nightmare (Standard Version),"indie rock,indie,british,rock,alternative",1,143213,143127
Olivia Dean,Baby Steps,The Art of Loving,"pop,soul,rhythm and blues,neo soul",1,197000,196998
Arctic Monkeys,Old Yellow Bricks,Favourite Worst Nightmare (Standard Version),"indie rock,indie,british,rock,alternative",1,187133,187059
BLK ODYSSY,ORANGE WINE (Explicit),DIAMONDS & FREAKS (Explicit),"",1,186061,186038
Kanye West,Siiiiiiiiilver Surffffeeeeer Intermiss,The Life Of Pablo (Explicit),"hip hop,rap",1,56560,56528
JID,Wholeheartedly (Explicit),God Does Like Ugly (Explicit),"hip hop,hip-hop",1,225763,16587
Lauryn Hill,"Every Ghetto, Every City",The Miseducation of Lauryn Hill,"soul,hip-hop,rnb,female vocalists",1,314706,314676
Jorja Smith,Home,Be Right Back (Explicit),"downtempo,neo-soul,contemporary rnb",1,166424,166347
BLK ODYSSY,JUDAS & THE HOLY MOTHER OF STANK (Explicit),DIAMONDS & FREAKS (Explicit),"",1,168562,168483
Kanye West,Facts (Charlie Heat Version) (Explicit),The Life Of Pablo (Explicit),"hip hop,rap",1,200733,200724
Rihanna,Consideration (Explicit),ANTI (Explicit),"rnb,soul,hip-hop,pop,dancehall",1,161066,161018
BLK ODYSSY,EPHESIANS (Explicit),DIAMONDS & FREAKS (Explicit),"",1,180487,180465
Rihanna,Close To You,ANTI (Explicit),"rnb,soul,hip-hop,pop,dancehall",1,223226,223190
Lana Del Rey,Million Dollar Man,Born To Die (Explicit),"indie,pop,female vocalists,indie pop",1,231560,8228
JID,Lauder Too (Explicit),The Forever Story (Extended Version) (Ex,"",1,233077,233038
Jorja Smith,Lifeboats (Freestyle),Lost & Found,"",1,172490,4493
JID,Gz (Explicit),God Does Like Ugly (Explicit),"hip hop,hip-hop",1,208651,208613
JID,Galaxy (Explicit),The Forever Story (Extended Version) (Ex,"",1,52041,52035
Daniel Caesar,Baby Blue,Son Of Spergy (Explicit),"rnb,gospel,neo-soul",1,357705,357694
Rihanna,Never Ending,ANTI (Explicit),"rnb,soul,hip-hop,pop,dancehall",1,202506,202501
Jorja Smith,Teenage Fantasy,Lost & Found,"",1,226906,226847
Burna Boy,Gum Body (feat. Jorja Smith),African Giant (Explicit),"rap,hip-hop",1,195073,557
Hozier,First Light,Unreal Unearth_ Unaired,"",1,292080,292014
Rihanna,Woo (Explicit),ANTI (Explicit),"rnb,soul,hip-hop,pop,dancehall",1,235586,235546
Olivia Dean,Nice To Each Other,The Art of Loving,"pop,soul,rhythm and blues,neo soul",1,209000,208979
BLK ODYSSY,LET ME GO (Explicit),DIAMONDS & FREAKS (Explicit),"",1,192948,192911
Odeal,Blame U,Lustropolis (Explicit),"",1,169000,168948
The Neighbourhood,Wiped Out!,Wiped Out!,"indie,indie rock,alternative,indie pop",1,373373,373283
Lauryn Hill,Everything Is Everything,The Miseducation of Lauryn Hill,"soul,hip-hop,rnb,female vocalists",1,293266,1207
Teyana Taylor,Hurry (Explicit),K.T.S.E. (Explicit),"rnb,neo soul,neo-soul",1,174200,40097
twenty one pilots,Midwest Indigo,Clancy,"rock,alternative,trip-hop",1,196266,196255
JAY-Z,4_44 (Explicit),4_44 (Explicit),"",1,284493,284447
Alessia Cara,Outlaws,Know-It-All,"pop,soul,rnb",1,203026,202997
BLK ODYSSY,YOU GOTTA MAN (Explicit),DIAMONDS & FREAKS (Explicit),"",1,193998,193933
Hozier,Sedated,Hozier (Explicit),"soul,indie,blues,folk,indie rock",1,207666,207586
Rihanna,"Yeah, I Said It (Explicit)",ANTI (Explicit),"rnb,soul,hip-hop,pop,dancehall",1,133080,133067
Solange,Interlude_ This Moment,A Seat at the Table (Explicit),"neo-soul,rnb",1,49453,49412
Mahalia,Hide Out,LOVE AND COMPROMISE (Explicit),"rnb,pop,funk",1,169880,169877
Solange,Mad (Explicit),A Seat at the Table (Explicit),"neo-soul,rnb",1,235493,235450
Teyana Taylor,Issues_Hold On (Explicit),K.T.S.E. (Explicit),"rnb,neo soul,neo-soul",1,185979,185965
Lana Del Rey,This Is What Makes Us Girls,Born To Die (Explicit),"indie,pop,female vocalists,indie pop",1,240306,240300
Dexta Daps,F.U 4 Life (Explicit),VENT (Explicit),"dancehall,reggae",1,175738,175647
Kendrick Lamar,King Kunta (Explicit),To Pimp A Butterfly (Explicit),"hip-hop,funk,rap",1,234693,234684
Mahalia,Good Company (feat. Terrace Martin) (Explicit),LOVE AND COMPROMISE (Explicit),"rnb,pop,funk",1,307906,143777
Rihanna,Love On The Brain (Explicit),ANTI (Explicit),"rnb,soul,hip-hop,pop,dancehall",1,224000,223947
Solange,Interlude_ Tina Taught Me,A Seat at the Table (Explicit),"neo-soul,rnb",1,74866,74861
Hozier,In a Week,Hozier (Explicit),"soul,indie,blues,folk,indie rock",1,318493,318484
SZA,Garden (Say It Like Dat) (Explicit),Ctrl (Explicit),"neo-soul,rnb",1,208400,208329
BLK ODYSSY,DIAMONDS & FREAKS (Explicit),DIAMONDS & FREAKS (Explicit),"",1,190840,190775
Florence + The Machine,Leave My Body,Ceremonials,"indie,female vocalists,alternative,indie pop,british",1,274586,274573
Jorja Smith,Blue Lights,Lost & Found,"",1,250454,210233
Solange,Don't Touch My Hair (Explicit),A Seat at the Table (Explicit),"neo-soul,rnb",1,257546,257462
twenty one pilots,Backslide,Clancy,"rock,alternative,trip-hop",1,180000,179908
twenty one pilots,Next Semester,Clancy,"rock,alternative,trip-hop",1,234400,234335
Rihanna,Same Ol_ Mistakes,ANTI (Explicit),"rnb,soul,hip-hop,pop,dancehall",1,397093,397061
BLK ODYSSY,ADAM & EVE (Explicit),DIAMONDS & FREAKS (Explicit),"",1,269474,269444
Hozier,Unknown _ Nth,Unreal Unearth_ Unaired,"",1,280106,280032
Kanye West,No More Parties In LA (Explicit),The Life Of Pablo (Explicit),"hip hop,rap",1,374413,374413
JID,Sk8 (Explicit),God Does Like Ugly (Explicit),"hip hop,hip-hop",1,190663,190641
Daniel Caesar,Root of all Evil,Son Of Spergy (Explicit),"rnb,gospel,neo-soul",1,265000,264986
Jorja Smith,Goodbyes,Lost & Found,"",1,230929,230922
Olivia Dean,The Art of Loving (Intro),The Art of Loving,"pop,soul,rhythm and blues,neo soul",1,40500,40495
Kendrick Lamar,Wesley's Theory (Explicit),To Pimp A Butterfly (Explicit),"hip-hop,funk,rap",1,287360,287346
Dexta Daps,Unpredictable (Couldn't Left Yuh) (Explicit),VENT (Explicit),"dancehall,reggae",1,188721,188708
rum.gold,Waiting For (feat. Jamila Woods),aiMless,"soul,pop,singer-songwriter",1,200214,200202
Rihanna,Needed Me (Explicit),ANTI (Explicit),"rnb,soul,hip-hop,pop,dancehall",1,191600,191582
Nina Simone,Blues On Purpose,I Put A Spell On You,"jazz,soul,vocal jazz,blues",1,197240,197198
Arctic Monkeys,Fluorescent Adolescent,Favourite Worst Nightmare (Standard Version),"indie rock,indie,british,rock,alternative",1,173493,173406
Teyana Taylor,3Way (Explicit),K.T.S.E. (Explicit),"rnb,neo soul,neo-soul",1,203636,203598
Teyana Taylor,WTP (Explicit),K.T.S.E. (Explicit),"rnb,neo soul,neo-soul",1,166849,166817
twenty one pilots,Navigating,Clancy,"rock,alternative,trip-hop",1,223106,223097
Arctic Monkeys,This House Is a Circus (Explicit),Favourite Worst Nightmare (Standard Version),"indie rock,indie,british,rock,alternative",1,189680,189660
Jorja Smith,Wandering Romance,Lost & Found,"",1,275618,275539
Dexta Daps,Undefeated (Explicit),VENT (Explicit),"dancehall,reggae",1,163750,163735
Vance Joy,We All Die Trying to Get It Right,Dream Your Life Away,"indie,indie folk,folk,indie pop",1,247560,238886
JID,VCRs (Explicit),God Does Like Ugly (Explicit),"hip hop,hip-hop",1,238272,238236
Solange,Interlude_ The Glory is in You,A Seat at the Table (Explicit),"neo-soul,rnb",1,17773,17740
Jorja Smith,Lost & Found,Lost & Found,"",1,314433,314409
Lana Del Rey,Carmen,Born To Die (Explicit),"indie,pop,female vocalists,indie pop",1,248720,248685
SZA,Broken Clocks (Explicit),Ctrl (Explicit),"neo-soul,rnb",1,231253,231177
Hozier,Foreigner's God,Hozier (Explicit),"soul,indie,blues,folk,indie rock",1,225226,225140
Olivia Dean,Loud,The Art of Loving,"pop,soul,rhythm and blues,neo soul",1,184000,183994
John Coltrane,I'm Old Fashioned,Blue Train,"jazz,hard bop,bebop",1,479023,313391
Megan Thee Stallion,Running Up Freestyle (Explicit),Fever (Explicit),rap,1,124802,124737
Odeal,Monster Boys (Explicit),The Summer That Saved Me (Explicit),"",1,113211,113127
twenty one pilots,Vignette,Clancy,"rock,alternative,trip-hop",1,202133,202106
Hozier,Work Song,Hozier (Explicit),"soul,indie,blues,folk,indie rock",1,229720,229691
JID,Crack Sandwich (Explicit),The Forever Story (Extended Version) (Ex,"",1,297668,297639
Solange,Where Do We Go,A Seat at the Table (Explicit),"neo-soul,rnb",1,264373,127059
Ariana Grande,Let Me Love You,Dangerous Woman (Explicit),"pop,rnb",1,223880,2429
Hozier,To Be Alone,Hozier (Explicit),"soul,indie,blues,folk,indie rock",1,323640,323593
BigXthaPlug,Take Care (Explicit),TAKE CARE (Explicit),hip-hop,1,149573,149536
Nina Simone,Marriage Is For Old Folks,I Put A Spell On You,"jazz,soul,vocal jazz,blues",1,209440,209397
twenty one pilots,At The Risk Of Feeling Dumb,Clancy,"rock,alternative,trip-hop",1,203853,203778
Lana Del Rey,Off To The Races,Born To Die (Explicit),"indie,pop,female vocalists,indie pop",1,299933,299911
Hozier,It Will Come Back,Hozier (Explicit),"soul,indie,blues,folk,indie rock",1,277653,277617
Jorja Smith,February 3rd,Lost & Found,"",1,242035,36780
Solange,Weary,A Seat at the Table (Explicit),"neo-soul,rnb",1,194253,194211
The Neighbourhood,Baby Came Home 2 _ Valentines,Wiped Out!,"indie,indie rock,alternative,indie pop",1,390493,7801
Lauryn Hill,Nothing Even Matters,The Miseducation of Lauryn Hill,"soul,hip-hop,rnb,female vocalists",1,350533,295264
Dexta Daps,Nosey Neighbours (Explicit),VENT (Explicit),"dancehall,reggae",1,259213,259134
Arctic Monkeys,D Is for Dangerous,Favourite Worst Nightmare (Standard Version),"indie rock,indie,british,rock,alternative",1,134733,134675
Mahalia,Square 1,LOVE AND COMPROMISE (Explicit),"rnb,pop,funk",1,220306,220218
Lana Del Rey,Born To Die,Born To Die (Explicit),"indie,pop,female vocalists,indie pop",1,286253,286223
PARTYNEXTDOOR,C o n t r o l (Explicit),PARTYNEXTDOOR 4 (P4) (Explicit),"",1,262081,262013
twenty one pilots,Routines In The Night,Clancy,"rock,alternative,trip-hop",1,202600,202570
Nina Simone,Beautiful Land,I Put A Spell On You,"jazz,soul,vocal jazz,blues",1,114333,114311
BLK ODYSSY,MS SWEET TEA (Explicit),DIAMONDS & FREAKS (Explicit),"",1,166892,166812
Megan Thee Stallion,Sex Talk (Explicit),Fever (Explicit),rap,1,131209,10309
Kendrick Lamar,Compton (Explicit),"good kid, m.A.A.d city (Deluxe) (Explicit)","hip-hop,hip hop,rap",1,248093,248084
Solange,Interlude_ Dad Was Mad,A Seat at the Table (Explicit),"neo-soul,rnb",1,46266,46254
SZA,Supermodel (Explicit),Ctrl (Explicit),"neo-soul,rnb",1,181120,181115
rum.gold,An Apology (Intro),aiMless,"soul,pop,singer-songwriter",1,85973,1880
Kendrick Lamar,"Bitch, Don_t Kill My Vibe (Remix)","good kid, m.A.A.d city (Deluxe) (Explicit)","hip-hop,hip hop,rap",1,278573,278569
Lana Del Rey,Blue Jeans (Explicit),Born To Die (Explicit),"indie,pop,female vocalists,indie pop",1,209440,209397
Mahalia,Simmer (feat. Burna Boy),LOVE AND COMPROMISE (Explicit),"rnb,pop,funk",1,167186,167183
Burna Boy,Gbona,African Giant (Explicit),"rap,hip-hop",1,187609,187524
Vance Joy,Wasted Time,Dream Your Life Away,"indie,indie folk,folk,indie pop",1,300973,300930
Kanye West,Saint Pablo (Explicit),The Life Of Pablo (Explicit),"hip hop,rap",1,372113,372088
Olivia Dean,Something Inbetween,The Art of Loving,"pop,soul,rhythm and blues,neo soul",1,152000,151951
JAY-Z,Bam (Explicit),4_44 (Explicit),"",1,234973,234945
JAY-Z,Legacy (Explicit),4_44 (Explicit),"",1,177133,177084
Olivia Dean,Let Alone The One You Love,The Art of Loving,"pop,soul,rhythm and blues,neo soul",1,186000,185945
twenty one pilots,Lavish,Clancy,"rock,alternative,trip-hop",1,158866,158824
Kendrick Lamar,For Sale_ (Interlude) (Explicit),To Pimp A Butterfly (Explicit),"hip-hop,funk,rap",1,291720,279666
Mahalia,I Wish I Missed My Ex,LOVE AND COMPROMISE (Explicit),"rnb,pop,funk",1,203066,203035
Alessia Cara,Seventeen,Know-It-All,"pop,soul,rnb",1,212933,146259
Megan Thee Stallion,Hood Rat Shit (Explicit),Fever (Explicit),rap,1,181231,44489
Vance Joy,Mess Is Mine,Dream Your Life Away,"indie,indie folk,folk,indie pop",1,223640,223561
Ariana Grande,Leave Me Lonely,Dangerous Woman (Explicit),"pop,rnb",1,229680,3683
Solange,Cranes in the Sky,A Seat at the Table (Explicit),"neo-soul,rnb",1,250973,250961
PARTYNEXTDOOR,M a k e  I t  T o  T h e  M o r n i,PARTYNEXTDOOR 4 (P4) (Explicit),"",1,168453,87399
JAY-Z,Moonlight (Explicit),4_44 (Explicit),"",1,143986,143934
Vance Joy,From Afar,Dream Your Life Away,"indie,indie folk,folk,indie pop",1,262200,262199
Kendrick Lamar,Real (Explicit),"good kid, m.A.A.d city (Deluxe) (Explicit)","hip-hop,hip hop,rap",1,443413,443376
BLK ODYSSY,HONEYSUCKLE NECKBONE (Explicit),DIAMONDS & FREAKS (Explicit),"",1,201155,201084
Jorja Smith,Don't Watch Me Cry,Lost & Found,"",1,190429,190380
Daniel Caesar,Sins Of The Father,Son Of Spergy (Explicit),"rnb,gospel,neo-soul",1,470500,470491
Burna Boy,Killin Dem (feat. Zlatan),African Giant (Explicit),"rap,hip-hop",1,221100,650
Daniel Caesar,Call On Me,Son Of Spergy (Explicit),"rnb,gospel,neo-soul",1,169004,168986
Nina Simone,You've Got To Learn,I Put A Spell On You,"jazz,soul,vocal jazz,blues",1,160933,160914
Olivia Dean,So Easy (To Fall In Love),The Art of Loving,"pop,soul,rhythm and blues,neo soul",1,169000,168948
Mahalia,Hey Stranger,IRL (Explicit),"",1,163053,151579
The Neighbourhood,Ferrari,Wiped Out!,"indie,indie rock,alternative,indie pop",1,184173,19690
twenty one pilots,Paladin Strait,Clancy,"rock,alternative,trip-hop",1,388586,388516
Daniel Caesar,Ocho Rios,NEVER ENOUGH (Bonus Version) (Explicit),"",1,153171,19200
Lauryn Hill,Forgive Them Father,The Miseducation of Lauryn Hill,"soul,hip-hop,rnb,female vocalists",1,315293,315234
Burna Boy,Show & Tell (feat. Future) (Explicit),African Giant (Explicit),"rap,hip-hop",1,162951,162911
Alessia Cara,Overdose,Know-It-All,"pop,soul,rnb",1,208640,208613
Hozier,Francesca,Unreal Unearth_ Unaired,"",1,270066,265171
Solange,Rise,A Seat at the Table (Explicit),"neo-soul,rnb",1,101813,101796
Vance Joy,Riptide,Dream Your Life Away,"indie,indie folk,folk,indie pop",1,204280,204242
Vance Joy,Who Am I,Dream Your Life Away,"indie,indie folk,folk,indie pop",1,159600,159567
twenty one pilots,Snap Back,Clancy,"rock,alternative,trip-hop",1,210266,210187
Daniel Caesar,No More Loving (On Women I Don_t Lo,Son Of Spergy (Explicit),"rnb,gospel,neo-soul",1,198200,198164
Hozier,Take Me to Church,Hozier (Explicit),"soul,indie,blues,folk,indie rock",1,241693,241673
PARTYNEXTDOOR,L o s e  M y  M i n d (Explicit),PARTYNEXTDOOR 4 (P4) (Explicit),"",1,183990,183902
Lana Del Rey,Video Games,Born To Die (Explicit),"indie,pop,female vocalists,indie pop",1,281946,281939
Burna Boy,On the Low,African Giant (Explicit),"rap,hip-hop",1,185898,185852
Lana Del Rey,Dark Paradise,Born To Die (Explicit),"indie,pop,female vocalists,indie pop",1,243173,243121
Dexta Daps,War Season (Explicit),VENT (Explicit),"dancehall,reggae",1,210612,210546
Jorja Smith,The One,Lost & Found,"",1,197574,197485
The Neighbourhood,Prey,Wiped Out!,"indie,indie rock,alternative,indie pop",1,282640,282633
SZA,Prom (Explicit),Ctrl (Explicit),"neo-soul,rnb",1,196133,196069
Kanye West,I Love Kanye (Explicit),The Life Of Pablo (Explicit),"hip hop,rap",1,44826,44826
John Coltrane,Locomotion,Blue Train,"jazz,hard bop,bebop",1,434624,434599
Kanye West,Fade (Explicit),The Life Of Pablo (Explicit),"hip hop,rap",1,193747,193724
Jhen_ Aiko,Bed Peace (Explicit),Sail Out (Explicit),"",1,256080,96757
BLK ODYSSY,PINK MARMALADE (Explicit),DIAMONDS & FREAKS (Explicit),"",1,201017,200991
SZA,Drew Barrymore (Explicit),Ctrl (Explicit),"neo-soul,rnb",1,231400,231363
Dexta Daps,A Plus (Explicit),VENT (Explicit),"dancehall,reggae",1,175451,175438
Burna Boy,Wetin Man Go Do,African Giant (Explicit),"rap,hip-hop",1,188181,14117
John Coltrane,Lazy Bird,Blue Train,"jazz,hard bop,bebop",1,427341,427311
Olivia Dean,Man I Need,The Art of Loving,"pop,soul,rhythm and blues,neo soul",1,184000,183994
Daniel Caesar,Who Knows,Son Of Spergy (Explicit),"rnb,gospel,neo-soul",1,226283,226272
The Neighbourhood,R.I.P. 2 My Youth,Wiped Out!,"indie,indie rock,alternative,indie pop",1,205280,205264
rum.gold,Call It What You Want,aiMless,"soul,pop,singer-songwriter",1,234905,234893
Arctic Monkeys,Brianstorm,Favourite Worst Nightmare (Standard Version),"indie rock,indie,british,rock,alternative",1,170253,170248
twenty one pilots,The Craving (Jenna's version),Clancy,"rock,alternative,trip-hop",1,174133,174056
Solange,Interlude_ For Us By Us,A Seat at the Table (Explicit),"neo-soul,rnb",1,52680,52662
Jorja Smith,Where Did I Go_,Lost & Found,"",1,191992,191947
Kanye West,Waves (Explicit),The Life Of Pablo (Explicit),"hip hop,rap",1,181573,181551
Olivia Dean,I've Seen It,The Art of Loving,"pop,soul,rhythm and blues,neo soul",1,126000,125945
Rihanna,Kiss It Better (Explicit),ANTI (Explicit),"rnb,soul,hip-hop,pop,dancehall",1,253080,253074
Daniel Caesar,Emily_s Song (Explicit),Son Of Spergy (Explicit),"rnb,gospel,neo-soul",1,174384,174341
twenty one pilots,Oldies Station,Clancy,"rock,alternative,trip-hop",1,228000,227927
BLK ODYSSY,ODEE (Explicit),DIAMONDS & FREAKS (Explicit),"",1,206576,206564
JID,What We On (Explicit),God Does Like Ugly (Explicit),"hip hop,hip-hop",1,238607,238576
Teyana Taylor,Rose In Harlem (Explicit),K.T.S.E. (Explicit),"rnb,neo soul,neo-soul",1,222828,222824
Arctic Monkeys,Teddy Picker (Explicit),Favourite Worst Nightmare (Standard Version),"indie rock,indie,british,rock,alternative",1,160640,160589
Teyana Taylor,Gonna Love Me (Explicit),K.T.S.E. (Explicit),"rnb,neo soul,neo-soul",1,166997,166974
Kanye West,Real Friends (Explicit),The Life Of Pablo (Explicit),"hip hop,rap",1,251573,251533
Rihanna,Work (Explicit),ANTI (Explicit),"rnb,soul,hip-hop,pop,dancehall",1,219320,219297
Arctic Monkeys,Do Me a Favour (Explicit),Favourite Worst Nightmare (Standard Version),"indie rock,indie,british,rock,alternative",1,205240,205171
JAY-Z,Marcy Me (Explicit),4_44 (Explicit),"",1,174426,174393
Mahalia,What Am I_,LOVE AND COMPROMISE (Explicit),"rnb,pop,funk",1,148413,116099
